{"json_api": 1.0833355937178201e-36, "browser": 1.3000027124613842e-36, "css_dom": 9.704468248415733e-37}